Workbook

Sheet Samenvatting
B2: Uurivo — Kostprijs voor Ecofinity
B3: Wat het ons kost om de app te draaien voor klanten — bijgewerkt september 2026, voor het gesprek bij Swatt
B6: OPZET PER NIEUWE KLANT | C6: PER KLANT / MAAND | D6: PER EXTRA MEDEWERKER
B8: ='Kostprijs per klant'!B8 -> 260 | C8: ='Kostprijs per klant'!B17 -> 29.24 | D8: ='Kostprijs per klant'!B22 -> 0
B10: eenmalig, per klant | C10: vaste infrastructuur (basisscenario) | D10: binnen een bestaande klant
B12: PER EXTRA KLANT
B13: Eenmalig (opzet) | C13: ='Kostprijs per klant'!B27 -> 260
B14: Maandelijks terugkerend | C14: ='Kostprijs per klant'!B28 -> 12.04
B16: Wat dit betekent in mensentaal
B17: • De app draait single-tenant: elke klant krijgt een eigen, volledig gescheiden omgeving (eigen server + eigen databank). Dat is waarom een NIEUWE KLANT wél een extra vaste maandkost met zich meebrengt (±€12/maand aan Render), terwijl een EXTRA MEDEWERKER bij een bestaande klant nagenoeg niets kost — dezelfde server en databank verwerken gewoon iets meer gebruik.
B18: • Vercel (de frontend-hosting) is een gedeelde, vaste kost van ±€17/maand — die betaal je maar één keer, ongeacht of je 1 of 10 klanten hebt. Hoe meer klanten, hoe lager de gemiddelde kost per klant wordt (zie tabblad 'Scenario': van €29/maand bij 1 klant naar €14/maand bij 10 klanten).
B19: • Resend (e-mail) en OpenRouteService (km-vergoeding) blijven bij het huidige verwachte gebruik gratis, ook bij meerdere klanten samen.
B20: • De 'opzetkost' is voornamelijk jouw eigen arbeidstijd (Render/Vercel/Teamleader-koppeling instellen) — geen harde factuur van een leverancier. Pas dit gerust aan op het tabblad 'Aannames' naar je eigen uurtarief.
B22: Zie de overige tabbladen voor het volledige detail en de onderliggende bronnen: 'Aannames' (prijzen per dienst), 'Kostprijs per klant' (volledige opbouw), 'Scenario' (kost bij meerdere klanten).

Sheet Aannames
A1: Uurivo — Kostprijs-aannames (infrastructuur)
A2: Bron: prijzen van Render, Vercel, Resend en OpenRouteService, opgezocht september 2026. Pas de blauwe cellen aan indien prijzen wijzigen.
A4: Wisselkoers
A5: 1 USD in EUR | B5: 0.86 | E5: Bron: ECB-referentiekoers / Xe.com, 5 september 2026 (1 EUR ≈ 1,1623 USD). Wissel regelmatig na — Render/Vercel/Resend factureren in USD.
A7: Render (backend-hosting) — per klant, want elke klant heeft een eigen, aparte omgeving (single-tenant)
A8: Web Service — Starter (always-on, 1 API-server) | B8: 7 | E8: Bron: render.com/pricing, geraadpleegd sept. 2026. Nodig zodat de app 24/7 bereikbaar is (geen 'inslapen' na inactiviteit).
A9: PostgreSQL — Basic 256MB (database) | B9: 7 | E9: Bron: render.com/pricing. Voldoende voor een KMO-klant (werkbonnen, foto's, PDF's) — groeit mee indien nodig (+$0,30/GB extra).
A10: Redis/Key Value — Starter (optioneel, enkel bij hoog volume) | B10: 10 | E10: Bron: render.com/pricing. De app draait bewust met een 'inline'-synchronisatiemodus die dit vermijdt voor de meeste klanten (zie RUN_SYNC_WORKER_INLINE in de code) — enkel nodig bij een klant met écht hoog volume.
A12: Vercel (frontend-hosting) — gedeeld over ALLE klanten samen
A13: Vercel Pro — per teamlid/seat (niet per klant-project) | B13: 20 | E13: Bron: vercel.com/pricing, sept. 2026. Eén Pro-account (1 seat) kan onbeperkt veel klant-projecten hosten — dit is dus een VASTE kost, niet per klant.
A14: Aantal seats nodig (meestal 1, tenzij meerdere ontwikkelaars) | B14: 1
A16: Overige diensten — gedeeld over ALLE klanten samen, blijven in de praktijk gratis
A17: Resend (e-mail: uitnodigingen, herinneringen, werkbon-PDF's) | B17: 0 | E17: Bron: resend.com/pricing. Gratis tot 3.000 mails/maand (100/dag) — ruim voldoende voor meerdere KMO-klanten samen. Pas op: 1 domein gratis, extra domeinen vereisen de $20/maand Pro-laag.
A18: OpenRouteService (km-vergoeding, afstandsberekening) | B18: 0 | E18: Bron: openrouteservice.org. Gratis tot 2.500 aanvragen/dag — de app roept dit enkel op bij een adreswijziging van een klant, dus verwaarloosbaar volume.
A19: Domein/subdomein per klant (bv. klant1.uurivo.be) | B19: 0 | E19: Subdomeinen van een eigen, al aangekocht domein (bv. uurivo.be, ±€15/jaar) zijn gratis aan te maken — geen extra domeinregistratie per klant nodig.
A21: Arbeidstijd opzet (jouw eigen tijd, geen harde infrastructuurkost)
A22: Geschat aantal uren opzet per nieuwe klant | B22: 4 | E22: Render-service + database aanmaken, Vercel-project + subdomein koppelen, Teamleader-OAuth-koppeling instellen, klant-specifieke instellingen invoeren. Pas gerust aan naar jouw eigen ervaring.
A23: Jouw uurtarief (€) | B23: 65 | E23: Vul hier je eigen (interne) uurtarief in — dit bepaalt de 'opzetkost' in het overzicht. Geen externe bron; pas aan naar wat past.

Sheet Kostprijs per klant
A1: Uurivo — Kostprijs voor Ecofinity (per klant, per medewerker, per extra klant)
A2: Alle bedragen in EUR, omgerekend vanaf de USD-brontarieven op het tabblad 'Aannames'. Single-tenant opzet: elke klant krijgt een eigen, aparte Render-omgeving.
A4: A. Eenmalige opzetkosten per nieuwe klant
A5: Post | B5: Bedrag
A6: Arbeidstijd opzet (uren × uurtarief) | B6: =Aannames!$B$22*Aannames!$B$23 -> 260
A7: Harde infrastructuurkost bij opzet (domein/registratie) | B7: =Aannames!$B$19*Aannames!$B$5 -> 0
A8: TOTAAL eenmalige opzetkost per nieuwe klant | B8: =SUM(B6:B7) -> 260
A10: B. Maandelijkse kost per klant (vaste infrastructuur, ongeacht aantal medewerkers)
A11: Post | B11: Bedrag/maand | C11: Van toepassing
A12: Render Web Service (API-server, eigen omgeving per klant) | B12: =Aannames!$B$8*Aannames!$B$5 -> 6.02 | C12: Elke klant
A13: Render PostgreSQL (databank, eigen omgeving per klant) | B13: =Aannames!$B$9*Aannames!$B$5 -> 6.02 | C13: Elke klant
A14: Render Redis/Key Value (enkel bij hoog volume — optioneel) | B14: =Aannames!$B$10*Aannames!$B$5 -> 8.6 | C14: Enkel indien nodig
A15: Vercel Pro (gedeeld over alle klanten, per klant verrekend) | B15: =(Aannames!$B$13*Aannames!$B$14*Aannames!$B$5)/MAX(1,Scenario!$B$4) -> 17.2 | C15: Gedeeld | D15: → zie tabblad 'Scenario' voor de verdeling over meerdere klanten
A16: Resend, OpenRouteService, domein (blijven in de praktijk gratis) | B16: =(Aannames!$B$17+Aannames!$B$18)*Aannames!$B$5 -> 0 | C16: Gedeeld
A17: TOTAAL per klant/maand — basisscenario (zonder Redis) | B17: =B12+B13+B15+B16 -> 29.24
A18: TOTAAL per klant/maand — met Redis (hoog-volume-klant) | B18: =B17+B14 -> 37.84
A20: C. Marginale kost per extra medewerker (binnen een bestaande klant)
A21: Extra Render-verbruik (opslag/rekenkracht) per medewerker | B21: 0 | D21: Verwaarloosbaar zolang de klant op de Starter-tier blijft (zie hieronder voor de opschaal-drempel).
A22: TOTAAL per extra medewerker | B22: =B21 -> 0
A23: Let op — opschaal-drempel:
A24: Bij een klant met veel medewerkers/foto's/werkbonnen (indicatief > 30-40 gebruikers) kan de Starter-tier ($7) te krap worden qua RAM/CPU. Opschalen naar Render Standard kost dan $25/maand i.p.v. $7 — dus +€ | B24: =(25-7)*Aannames!$B$5 -> 15.48
A26: D. Marginale kost per extra klant (nieuwe, volledig aparte omgeving)
A27: Eenmalig (opzet) | B27: =B8 -> 260
A28: Maandelijks terugkerend (100% toewijsbaar aan deze ene klant: Render) | B28: =B12+B13 -> 12.04 | D28: Vercel/Resend/OpenRouteService blijven vlak ongeacht het aantal klanten — zie tabblad Scenario voor hoe de GEMIDDELDE kost per klant daardoor daalt naarmate je groeit.

Sheet Scenario
A1: Uurivo — Scenario: aantal klanten (invoercel)
A3: Basisinvoer
A4: Aantal actieve klanten (voor de Vercel-verdeling op sheet 2) | B4: 1
A6: Scenario-overzicht: totale maandelijkse infrastructuurkost bij X klanten
A8: Aantal klanten | B8: 1 | C8: 2 | D8: 3 | E8: 5 | F8: 10 | G8: Toelichting
A9: Render (Web Service + PostgreSQL) — per klant | B9: =('Kostprijs per klant'!$B$12+'Kostprijs per klant'!$B$13)*B8 -> 12.04 | C9: =('Kostprijs per klant'!$B$12+'Kostprijs per klant'!$B$13)*C8 -> 24.08 | D9: =('Kostprijs per klant'!$B$12+'Kostprijs per klant'!$B$13)*D8 -> 36.12 | E9: =('Kostprijs per klant'!$B$12+'Kostprijs per klant'!$B$13)*E8 -> 60.2 | F9: =('Kostprijs per klant'!$B$12+'Kostprijs per klant'!$B$13)*F8 -> 120.4
A10: Vercel Pro (gedeeld, 1 seat volstaat tot een tiental klanten) | B10: =Aannames!$B$13*Aannames!$B$14*Aannames!$B$5 -> 17.2 | C10: =Aannames!$B$13*Aannames!$B$14*Aannames!$B$5 -> 17.2 | D10: =Aannames!$B$13*Aannames!$B$14*Aannames!$B$5 -> 17.2 | E10: =Aannames!$B$13*Aannames!$B$14*Aannames!$B$5 -> 17.2 | F10: =Aannames!$B$13*Aannames!$B$14*Aannames!$B$5 -> 17.2 | G10: Vaste kost, ongeacht aantal klanten (tot je effectief een 2e seat nodig hebt bij veel gelijktijdige ontwikkelaars).
A11: Resend / OpenRouteService / domein (gedeeld, blijft gratis) | B11: ='Kostprijs per klant'!$B$16 -> 0 | C11: ='Kostprijs per klant'!$B$16 -> 0 | D11: ='Kostprijs per klant'!$B$16 -> 0 | E11: ='Kostprijs per klant'!$B$16 -> 0 | F11: ='Kostprijs per klant'!$B$16 -> 0
A12: TOTAAL maandelijkse kost | B12: =SUM(B9:B11) -> 29.24 | C12: =SUM(C9:C11) -> 41.28 | D12: =SUM(D9:D11) -> 53.32 | E12: =SUM(E9:E11) -> 77.4 | F12: =SUM(F9:F11) -> 137.6
A13: Gemiddelde kost per klant/maand | B13: =B12/B8 -> 29.24 | C13: =C12/C8 -> 20.64 | D13: =D12/D8 -> 17.773333 | E13: =E12/E8 -> 15.48 | F13: =F12/F8 -> 13.76
A15: Eénmalige opzetkost bij dit aantal klanten (arbeidstijd × aantal) | B15: ='Kostprijs per klant'!$B$8*B8 -> 260 | C15: ='Kostprijs per klant'!$B$8*C8 -> 520 | D15: ='Kostprijs per klant'!$B$8*D8 -> 780 | E15: ='Kostprijs per klant'!$B$8*E8 -> 1300 | F15: ='Kostprijs per klant'!$B$8*F8 -> 2600
A17: Let op: dit toont enkel jouw infrastructuurkost (Ecofinity). Wat je zelf aan de klant aanrekent (jouw prijsplan/marge) staat los hiervan — zie het aparte document 'prijsplannen-klanten' voor de verkoopprijs.
