Workbook

Sheet Samenvatting
B2: Uurivo — Kostprijs voor Ecofinity
B3: Wat het ons kost om de app te draaien voor klanten — herzien 11 september 2026, voor het gesprek bij Swatt
B6: OPZET PER NIEUWE KLANT | C6: PER KLANT / MAAND | D6: PER EXTRA MEDEWERKER
B8: ='Kostprijs per klant'!B8 -> 260 | C8: ='Kostprijs per klant'!B17 -> 28.38 | D8: ='Kostprijs per klant'!B22 -> 0
B10: eenmalig, per klant | C10: vaste infrastructuur (basisscenario) | D10: binnen een bestaande klant
B12: PER EXTRA KLANT
B13: Eenmalig (opzet) | C13: ='Kostprijs per klant'!B27 -> 260
B14: Maandelijks terugkerend | C14: ='Kostprijs per klant'!B28 -> 11.18
B16: Wat dit betekent in mensentaal
B17: • De app draait single-tenant: elke klant krijgt een eigen, volledig gescheiden omgeving (eigen server + eigen databank). Dat is waarom een NIEUWE KLANT wél een extra vaste maandkost met zich meebrengt (±€11/maand aan Render), terwijl een EXTRA MEDEWERKER bij een bestaande klant nagenoeg niets kost — dezelfde server en databank verwerken gewoon iets meer gebruik.
B18: • Vercel (de frontend-hosting) is een gedeelde, vaste kost van ±€17/maand — die betaal je maar één keer, ongeacht of je 1 of 10 klanten hebt. Hoe meer klanten, hoe lager de gemiddelde kost per klant wordt (zie tabblad 'Scenario': van €28/maand bij 1 klant naar €13/maand bij 10 klanten).
B19: • Resend (e-mail) en OpenRouteService (km-vergoeding) blijven bij het huidige verwachte gebruik gratis, ook bij meerdere klanten samen.
B20: • De 'opzetkost' is voornamelijk jouw eigen arbeidstijd (Render/Vercel/Teamleader-koppeling instellen) — geen harde factuur van een leverancier. Pas dit gerust aan op het tabblad 'Aannames' naar je eigen uurtarief.
B21: • Nieuw sinds deze herziening: Render rekent ook een apart, gedeeld workspace-abonnement aan zodra je in totaal meer dan 25 services (web services + databanken samen) draait — gratis tot dan, daarna vlak $25/maand. Bij 2 services/klant (het basisscenario) ligt die grens rond de 12 klanten — zie tabblad 'Scenario' onderaan voor het detail.
B23: Zie de overige tabbladen voor het volledige detail en de onderliggende bronnen: 'Aannames' (prijzen per dienst), 'Kostprijs per klant' (volledige opbouw), 'Scenario' (kost bij meerdere klanten).

Sheet Aannames
A1: Uurivo — Kostprijs-aannames (infrastructuur)
A2: Bron: prijzen van Render, Vercel, Resend en OpenRouteService, herbevestigd 11 sept. 2026. Pas de blauwe cellen aan indien prijzen wijzigen.
A4: Wisselkoers
A5: 1 USD in EUR | B5: 0.86 | E5: Bron: ECB-referentiekoers / Trading Economics, herbevestigd 11 september 2026 (1 EUR ≈ 1,16 USD, dus 1 USD ≈ 0,86 EUR — ongewijzigd t.o.v. de vorige versie). Wissel regelmatig na — Render/Vercel/Resend factureren in USD.
A7: Render (backend-hosting) — per klant, want elke klant heeft een eigen, aparte omgeving (single-tenant)
A8: Web Service — Starter (always-on, 1 API-server) | B8: 7 | E8: Bron: render.com/pricing, geraadpleegd sept. 2026. Nodig zodat de app 24/7 bereikbaar is (geen 'inslapen' na inactiviteit).
A9: PostgreSQL — Basic 256MB (database) | B9: 6 | E9: Bron: render.com/pricing, herbevestigd 11 sept. 2026 — correctie t.o.v. de vorige versie van dit bestand (stond foutief op $7): Basic-256mb is $6/maand. Groeit mee indien nodig (+$0,30/GB extra).
A10: Redis/Key Value — Starter (optioneel, enkel bij hoog volume) | B10: 10 | E10: Bron: render.com/pricing. De app draait bewust met een 'inline'-synchronisatiemodus die dit vermijdt voor de meeste klanten (zie RUN_SYNC_WORKER_INLINE in de code) — enkel nodig bij een klant met écht hoog volume.
A12: Vercel (frontend-hosting) — gedeeld over ALLE klanten samen
A13: Vercel Pro — per teamlid/seat (niet per klant-project) | B13: 20 | E13: Bron: vercel.com/pricing, herbevestigd 11 sept. 2026 — $20/seat/maand, ongewijzigd. Hobby-plan blijft uitdrukkelijk niet-commercieel (“for personal, non-commercial use”) — Pro blijft dus vereist zodra er klanten gefactureerd worden.
A14: Aantal seats nodig (meestal 1, tenzij meerdere ontwikkelaars) | B14: 1
A16: Overige diensten — gedeeld over ALLE klanten samen, blijven in de praktijk gratis
A17: Resend (e-mail: uitnodigingen, herinneringen, werkbon-PDF's) | B17: 0 | E17: Bron: resend.com/pricing, herbevestigd 11 sept. 2026. Gratis tot 3.000 mails/maand (100/dag) — ruim voldoende voor meerdere KMO-klanten samen. Correctie t.o.v. de vorige versie: het gratis plan omvat 3 domeinen (niet 1); nog meer domeinen vereist de $20/maand Domains-add-on.
A18: OpenRouteService (km-vergoeding, afstandsberekening) | B18: 0 | E18: Bron: openrouteservice.org. Gratis tot 2.500 aanvragen/dag — de app roept dit enkel op bij een adreswijziging van een klant, dus verwaarloosbaar volume.
A19: Domein/subdomein per klant (bv. klant1.uurivo.be) | B19: 0 | E19: Subdomeinen van een eigen, al aangekocht domein (bv. uurivo.be, ±€15/jaar) zijn gratis aan te maken — geen extra domeinregistratie per klant nodig.
A21: Arbeidstijd opzet (jouw eigen tijd, geen harde infrastructuurkost)
A22: Geschat aantal uren opzet per nieuwe klant | B22: 4 | E22: Render-service + database aanmaken, Vercel-project + subdomein koppelen, Teamleader-OAuth-koppeling instellen, klant-specifieke instellingen invoeren. Pas gerust aan naar jouw eigen ervaring.
A23: Jouw uurtarief (€) | B23: 65 | E23: Vul hier je eigen (interne) uurtarief in — dit bepaalt de 'opzetkost' in het overzicht. Geen externe bron; pas aan naar wat past.
A25: Render team-/workspace-abonnement — gedeeld over ALLE klanten, in sprongen (nieuw)
A26: Hobby-abonnement (gratis) — max. aantal services (web services + databanken + ...) totaal | B26: 25 | E26: Bron: render.com/pricing, 11 sept. 2026. Zodra het totaal aantal services over AL je klanten samen deze grens overschrijdt, is de gratis Hobby-workspace niet langer genoeg.
A27: Pro-workspace (onbeperkt aantal services) | B27: 25 | E27: Bron: render.com/pricing, 11 sept. 2026 — vlak tarief, ongeacht hoeveel services erboven komen.
A28: Services per klant (Web Service + PostgreSQL; +1 indien die klant ook Redis gebruikt) | B28: 2 | E28: Aanpasbaar: basisscenario (geen Redis) = 2 services/klant. Gebruikt om te berekenen vanaf hoeveel klanten de gratis Hobby-grens (25 services) overschreden wordt — zie tabblad 'Scenario'.

Sheet Kostprijs per klant
A1: Uurivo — Kostprijs voor Ecofinity (per klant, per medewerker, per extra klant)
A2: Alle bedragen in EUR, omgerekend vanaf de USD-brontarieven op het tabblad 'Aannames'. Single-tenant opzet: elke klant krijgt een eigen, aparte Render-omgeving.
A4: A. Eenmalige opzetkosten per nieuwe klant
A5: Post | B5: Bedrag
A6: Arbeidstijd opzet (uren × uurtarief) | B6: =Aannames!$B$22*Aannames!$B$23 -> 260
A7: Harde infrastructuurkost bij opzet (domein/registratie) | B7: =Aannames!$B$19*Aannames!$B$5 -> 0
A8: TOTAAL eenmalige opzetkost per nieuwe klant | B8: =SUM(B6:B7) -> 260
A10: B. Maandelijkse kost per klant (vaste infrastructuur, ongeacht aantal medewerkers)
A11: Post | B11: Bedrag/maand | C11: Van toepassing
A12: Render Web Service (API-server, eigen omgeving per klant) | B12: =Aannames!$B$8*Aannames!$B$5 -> 6.02 | C12: Elke klant
A13: Render PostgreSQL (databank, eigen omgeving per klant) | B13: =Aannames!$B$9*Aannames!$B$5 -> 5.16 | C13: Elke klant
A14: Render Redis/Key Value (enkel bij hoog volume — optioneel) | B14: =Aannames!$B$10*Aannames!$B$5 -> 8.6 | C14: Enkel indien nodig
A15: Vercel Pro (gedeeld over alle klanten, per klant verrekend) | B15: =(Aannames!$B$13*Aannames!$B$14*Aannames!$B$5)/MAX(1,Scenario!$B$4) -> 17.2 | C15: Gedeeld | D15: → zie tabblad 'Scenario' voor de verdeling over meerdere klanten
A16: Resend, OpenRouteService, domein (blijven in de praktijk gratis) | B16: =(Aannames!$B$17+Aannames!$B$18)*Aannames!$B$5 -> 0 | C16: Gedeeld
A17: TOTAAL per klant/maand — basisscenario (zonder Redis) | B17: =B12+B13+B15+B16 -> 28.38
A18: TOTAAL per klant/maand — met Redis (hoog-volume-klant) | B18: =B17+B14 -> 36.98
A20: C. Marginale kost per extra medewerker (binnen een bestaande klant)
A21: Extra Render-verbruik (opslag/rekenkracht) per medewerker | B21: 0 | D21: Verwaarloosbaar zolang de klant op de Starter-tier blijft (zie hieronder voor de opschaal-drempel).
A22: TOTAAL per extra medewerker | B22: =B21 -> 0
A23: Let op — opschaal-drempel:
A24: Bij een klant met veel medewerkers/foto's/werkbonnen (indicatief > 30-40 gebruikers) kan de Starter-tier ($7) te krap worden qua RAM/CPU. Opschalen naar Render Standard kost dan $25/maand i.p.v. $7 — dus +€ | B24: =(25-7)*Aannames!$B$5 -> 15.48
A26: D. Marginale kost per extra klant (nieuwe, volledig aparte omgeving)
A27: Eenmalig (opzet) | B27: =B8 -> 260
A28: Maandelijks terugkerend (100% toewijsbaar aan deze ene klant: Render) | B28: =B12+B13 -> 11.18 | D28: Vercel/Resend/OpenRouteService blijven vlak ongeacht het aantal klanten — zie tabblad Scenario voor hoe de GEMIDDELDE kost per klant daardoor daalt naarmate je groeit.

Sheet Scenario
A1: Uurivo — Scenario: aantal klanten (invoercel)
A3: Basisinvoer
A4: Aantal actieve klanten (voor de Vercel-verdeling op sheet 2) | B4: 1
A6: Scenario-overzicht: totale maandelijkse infrastructuurkost bij X klanten
A8: Aantal klanten | B8: 1 | C8: 2 | D8: 3 | E8: 5 | F8: 10 | G8: Toelichting
A9: Render (Web Service + PostgreSQL) — per klant | B9: =('Kostprijs per klant'!$B$12+'Kostprijs per klant'!$B$13)*B8 -> 11.18 | C9: =('Kostprijs per klant'!$B$12+'Kostprijs per klant'!$B$13)*C8 -> 22.36 | D9: =('Kostprijs per klant'!$B$12+'Kostprijs per klant'!$B$13)*D8 -> 33.54 | E9: =('Kostprijs per klant'!$B$12+'Kostprijs per klant'!$B$13)*E8 -> 55.9 | F9: =('Kostprijs per klant'!$B$12+'Kostprijs per klant'!$B$13)*F8 -> 111.8
A10: Vercel Pro (gedeeld, 1 seat volstaat tot een tiental klanten) | B10: =Aannames!$B$13*Aannames!$B$14*Aannames!$B$5 -> 17.2 | C10: =Aannames!$B$13*Aannames!$B$14*Aannames!$B$5 -> 17.2 | D10: =Aannames!$B$13*Aannames!$B$14*Aannames!$B$5 -> 17.2 | E10: =Aannames!$B$13*Aannames!$B$14*Aannames!$B$5 -> 17.2 | F10: =Aannames!$B$13*Aannames!$B$14*Aannames!$B$5 -> 17.2 | G10: Vaste kost, ongeacht aantal klanten (tot je effectief een 2e seat nodig hebt bij veel gelijktijdige ontwikkelaars).
A11: Resend / OpenRouteService / domein (gedeeld, blijft gratis) | B11: ='Kostprijs per klant'!$B$16 -> 0 | C11: ='Kostprijs per klant'!$B$16 -> 0 | D11: ='Kostprijs per klant'!$B$16 -> 0 | E11: ='Kostprijs per klant'!$B$16 -> 0 | F11: ='Kostprijs per klant'!$B$16 -> 0
A12: TOTAAL maandelijkse kost | B12: =SUM(B9:B11) -> 28.38 | C12: =SUM(C9:C11) -> 39.56 | D12: =SUM(D9:D11) -> 50.74 | E12: =SUM(E9:E11) -> 73.1 | F12: =SUM(F9:F11) -> 129
A13: Gemiddelde kost per klant/maand | B13: =B12/B8 -> 28.38 | C13: =C12/C8 -> 19.78 | D13: =D12/D8 -> 16.913333 | E13: =E12/E8 -> 14.62 | F13: =F12/F8 -> 12.9
A15: Eénmalige opzetkost bij dit aantal klanten (arbeidstijd × aantal) | B15: ='Kostprijs per klant'!$B$8*B8 -> 260 | C15: ='Kostprijs per klant'!$B$8*C8 -> 520 | D15: ='Kostprijs per klant'!$B$8*D8 -> 780 | E15: ='Kostprijs per klant'!$B$8*E8 -> 1300 | F15: ='Kostprijs per klant'!$B$8*F8 -> 2600
A17: Let op: dit toont enkel jouw infrastructuurkost (Ecofinity). Wat je zelf aan de klant aanrekent (jouw prijsplan/marge) staat los hiervan — zie het aparte document 'prijsplannen-klanten' voor de verkoopprijs.
A19: Aanvullend (nieuw): Render workspace-abonnement meegerekend
A20: De gratis Render Hobby-workspace volstaat tot 25 services totaal (Aannames!B26). Bij 2 services/klant (Aannames!B28, basisscenario zonder Redis) blijft dit dus gratis tot en met | B20: =FLOOR(Aannames!$B$26/Aannames!$B$28,1) -> 12 | C20: klanten (24 services); vanaf de volgende klant betaal je het vlakke $25/maand-tarief (Aannames!B27), ongeacht hoeveel erboven.
A22: Aantal klanten | B22: 1 | C22: 2 | D22: 3 | E22: 5 | F22: 10 | G22: Toelichting
A23: Render workspace-abonnement (0 tot de grens hierboven, dan vlak tarief) | B23: =IF(B8*Aannames!$B$28>Aannames!$B$26,Aannames!$B$27*Aannames!$B$5,0) -> 0 | C23: =IF(C8*Aannames!$B$28>Aannames!$B$26,Aannames!$B$27*Aannames!$B$5,0) -> 0 | D23: =IF(D8*Aannames!$B$28>Aannames!$B$26,Aannames!$B$27*Aannames!$B$5,0) -> 0 | E23: =IF(E8*Aannames!$B$28>Aannames!$B$26,Aannames!$B$27*Aannames!$B$5,0) -> 0 | F23: =IF(F8*Aannames!$B$28>Aannames!$B$26,Aannames!$B$27*Aannames!$B$5,0) -> 0 | G23: $0 zolang (aantal klanten × services/klant) binnen de gratis Hobby-grens blijft.
A24: TOTAAL maandelijkse kost, incl. workspace-abonnement | B24: =B12+B23 -> 28.38 | C24: =C12+C23 -> 39.56 | D24: =D12+D23 -> 50.74 | E24: =E12+E23 -> 73.1 | F24: =F12+F23 -> 129
A25: Gemiddelde kost per klant/maand, incl. workspace-abonnement | B25: =B24/B8 -> 28.38 | C25: =C24/C8 -> 19.78 | D25: =D24/D8 -> 16.913333 | E25: =E24/E8 -> 14.62 | F25: =F24/F8 -> 12.9
A27: Bij het gemodelleerde bereik (1-10 klanten, basisscenario zonder Redis) blijft het workspace-abonnement dus $0 — pas relevant bij verdere groei of bij klanten die wél Redis gebruiken (zie Aannames!B28).

Sheet Prijszetting klanten
A1: Uurivo — Prijszetting voor klanten
A2: Verkoopprijs + marge t.o.v. de kostprijs op de andere tabbladen — herzien 11 september 2026. Pas de blauwe cellen aan (doelmarge, verkoopprijzen, opstartfees); de rest herberekent automatisch.
A4: A. Doelmarge (richtlijn, optioneel)
A5: Post | B5: Waarde
A6: Gewenste marge-multiplier t.o.v. kostprijs (bv. 4 = vraag ca. 4× de kostprijs) | B6: 4
A7: Eigen richtlijn, geen harde marktregel — zie de eerdere analyse in het project ('commercieel-voorstel-swatt.md': marge ≈4× hostingkost als denkkader).
A8: Richtprijs per klant/maand — bij 1 klant (weinig schaalvoordeel) | B8: =B6*Scenario!B13 -> 113.52
A9: Richtprijs per klant/maand — bij 5 klanten | B9: =B6*Scenario!E13 -> 58.48
A10: Richtprijs per klant/maand — bij 10 klanten | B10: =B6*Scenario!F13 -> 51.6
A12: B. Voorgestelde abonnementen — pas de verkoopprijzen (blauw) aan naar wens
A13: Plan | B13: Basisprijs/mnd (t.e.m. 5 medewerkers) | C13: Per extra medewerker/mnd | D13: Eenmalige opstartfee
A14: Basic — Tijdregistratie & werkbon | B14: 99 | C14: 15 | D14: 750
A15: Kernflow: timer/werkbon/foto's/handtekening/PDF + urensync Teamleader. Geen facturatiemodule.
A16: Pro — Facturatie & toeslagen | B16: 179 | C16: 22 | D16: 1000
A17: + facturatie-overzicht/conceptfactuur Teamleader, toeslagen (overuren/ploegen/nacht), km-vergoeding.
A18: Business — Payroll & multi-site | B18: 279 | C18: 28 | D18: 1500
A19: + maandelijks loonoverzicht, wekelijkse klant-ondertekeningsmodus, prioritaire support.
A20: Startpunt = eerder voorstel (30/8/2026, project-document 'prijsplannen-klanten') — nog niet bevestigd door de klant, vrij aan te passen aan dit gesprek.
A22: C. Marge-overzicht — maandelijks abonnement
A23: Plan | B23: Verkoopprijs/mnd | C23: Kostprijs/mnd @1 klant | D23: Marge €/mnd @1 klant | E23: Marge % @1 klant | F23: Kostprijs/mnd @10 klanten | G23: Marge €/mnd @10 klanten | H23: Marge % @10 klanten
A24: Basic | B24: =B14 -> 99 | C24: =Scenario!$B$13 -> 28.38 | D24: =B24-C24 -> 70.62 | E24: =D24/B24 -> 0.71333333 | F24: =Scenario!$F$13 -> 12.9 | G24: =B24-F24 -> 86.1 | H24: =G24/B24 -> 0.86969697
A25: Pro | B25: =B16 -> 179 | C25: =Scenario!$B$13 -> 28.38 | D25: =B25-C25 -> 150.62 | E25: =D25/B25 -> 0.84145251 | F25: =Scenario!$F$13 -> 12.9 | G25: =B25-F25 -> 166.1 | H25: =G25/B25 -> 0.92793296
A26: Business | B26: =B18 -> 279 | C26: =Scenario!$B$13 -> 28.38 | D26: =B26-C26 -> 250.62 | E26: =D26/B26 -> 0.89827957 | F26: =Scenario!$F$13 -> 12.9 | G26: =B26-F26 -> 266.1 | H26: =G26/B26 -> 0.95376344
A27: Kostprijs = gemiddelde infrastructuurkost per klant/maand op tabblad 'Scenario' (incl. het gedeelde Vercel-abonnement, verdeeld over het aantal klanten). Marge houdt geen rekening met support-/onderhoudstijd — zie de openstaande punt daarover in 'prijsplannen-klanten'.
A29: D. Marge-overzicht — eenmalige opstartfee
A30: Plan | B30: Voorgestelde opstartfee | C30: Interne opzetkost (Ecofinity) | D30: Marge € | E30: Marge %
A31: Basic | B31: =D14 -> 750 | C31: ='Kostprijs per klant'!$B$8 -> 260 | D31: =B31-C31 -> 490 | E31: =D31/B31 -> 0.65333333
A32: Pro | B32: =D16 -> 1000 | C32: ='Kostprijs per klant'!$B$8 -> 260 | D32: =B32-C32 -> 740 | E32: =D32/B32 -> 0.74
A33: Business | B33: =D18 -> 1500 | C33: ='Kostprijs per klant'!$B$8 -> 260 | D33: =B33-C33 -> 1240 | E33: =D33/B33 -> 0.82666667
A34: Let op: dit is een hulptabel op basis van de infrastructuur-/opzetkost. Het uiteindelijke prijsgesprek met de klant hangt ook af van waarde, marktpositie en concurrenten — zie 'commercieel-voorstel-swatt.md' en 'prijsplannen-klanten' in het project. Geen financieel of fiscaal advies.
